{"inputs": [[-0.10881510368824278, 54.40211108893698, -0.4615582075048764, 0.5623790762907029], [0.09159206250511313, -33.381597304582286, -0.4896898819051287, -0.10429516896204627], [0.24737048296621625, -63.318927783896434, -0.5218636416921661, 0.9514030078621099], [0.18773727638770943, -32.19234333722066, -0.5589402779580149, -0.38337902505324917], [-0.09315402507048703, 10.058957935161331, -0.6019199721027212, -0.9394826774794206], [-0.383646439153086, 23.973106866578462, -0.6517496575358036, -0.9891297229162992], [-0.3784958716218696, 12.108839924926851, -0.7084804561280861, -0.8872888794014042], [0.09411137583185543, -1.2700800725388048, -0.7677842924288248, -0.7541183813350599], [0.9097523029771701, -3.637189707302727, -0.8051215169755379, -0.6259855484547282], [1.684626596212005, -0.8414709848078965, -0.6938410215815268, -0.5123952522392748], [0.0, 0.0, 0.0, -0.4143292290490303], [1.6812607089068863, 0.8414709848078965, 0.6924547258341113, -0.3302426358822877], [0.9088430053230202, 3.637189707302727, 0.8043167978181411, -0.2580569583650732], [0.09404865582130438, 1.2700800725388048, 0.76727260679575, -0.1958013409105637], [-0.3783066709862175, -12.108839924926851, 0.7081263044379444, -0.1417863579241989], [-0.3834930112630027, -23.973106866578462, 0.6514890098023359, -0.09461821723764686], [-0.09312297890315809, -10.058957935161331, 0.6017193655464463, -0.053163607338889744], [0.18768364482753577, 32.19234333722066, 0.5587806035463714, -0.016504511113083938], [0.2473086480748361, 63.318927783896434, 0.5217331920879437, 0.01610379280728968], [0.09157171097472651, 33.381597304582286, 0.48958107402113693, 0.045267964134669554]], "targets": [[54.29329598524873, -0.2680675385312774, -0.06119533749867104, 5.462926437187936], [-33.29000524207717, 0.38851055073853596, -0.009552609634553077, 19.719361141177597], [-63.071557300930216, -0.7818696338132973, 0.23534902155036094, -26.985461385930392], [-32.004606060832955, -0.06924923040622522, -0.07197453398767242, 29.981649616959288], [9.965803910090845, -0.7010745678217334, 0.08751659289120624, -15.217728691167205], [23.589460427425376, -1.0396122707651003, 0.3794760960573168, -38.077941679962976], [11.730344053304982, -1.1350561525091971, 0.3358351777894264, -18.11493122991611], [-1.1759686967069494, -0.6429877377217978, -0.0709711184075343, 1.6464815492708385], [-2.7274374043255567, 0.6481904727707624, -0.5694917943371159, 2.6013019912670052], [0.8431556114041086, 2.593907233012623, -0.8631946696950413, -3.049102591145381], [0.0, 0.0, -0.0, -0.0], [2.522731693714783, 5.78344094696565, -0.5552239681147337, 1.5227368742951828], [4.546032712625747, 4.326186586104493, -0.23453326158503063, 2.9797795339231326], [1.3641287283601091, 1.2475995309318981, -0.01841485292064749, 0.8333064756233022], [-12.48714659591307, -1.960019464483392, 0.05363872505756399, -7.286220115050835], [-24.356599877841465, -3.4015678164513914, 0.036285425048802146, -13.777035135279633], [-10.15208091406449, -1.1499108108926464, 0.00495075348463521, -5.620065589497878], [32.3800269820482, 11.930437936598164, -0.0030976268018001627, 17.660690858240226], [63.56623643197127, -14.83543459032958, 0.0039826072280480795, 34.32128468132805], [33.47316901555701, -1.533300067757318, 0.004145264928154246, 17.952069293534528]]}